year,month,ONI,enso_phase,enso_strength,temp_anomaly
1950,1,-1.5,La Nina,Strong La Nina,-0.26
1950,2,-1.3,La Nina,Weak/Mod La Nina,-0.27
1950,3,-1.2,La Nina,Weak/Mod La Nina,-0.08
1950,4,-1.2,La Nina,Weak/Mod La Nina,-0.21
1950,5,-1.1,La Nina,Weak/Mod La Nina,-0.11
1950,6,-0.9,La Nina,Weak/Mod La Nina,-0.05
1950,7,-0.5,La Nina,Weak/Mod La Nina,-0.09
1950,8,-0.4,Neutral,Neutral,-0.16
1950,9,-0.4,Neutral,Neutral,-0.11
1950,10,-0.4,Neutral,Neutral,-0.2
1950,11,-0.6,La Nina,Weak/Mod La Nina,-0.34
1950,12,-0.8,La Nina,Weak/Mod La Nina,-0.22
1951,1,-0.8,La Nina,Weak/Mod La Nina,-0.34
1951,2,-0.5,La Nina,Weak/Mod La Nina,-0.41
1951,3,-0.2,Neutral,Neutral,-0.2
1951,4,0.2,Neutral,Neutral,-0.14
1951,5,0.4,Neutral,Neutral,0.0
1951,6,0.6,El Nino,Weak/Mod El Nino,-0.06
1951,7,0.7,El Nino,Weak/Mod El Nino,-0.01
1951,8,0.9,El Nino,Weak/Mod El Nino,0.06
1951,9,1.0,El Nino,Weak/Mod El Nino,0.05
1951,10,1.2,El Nino,Weak/Mod El Nino,0.08
1951,11,1.0,El Nino,Weak/Mod El Nino,-0.01
1951,12,0.8,El Nino,Weak/Mod El Nino,0.16
1952,1,0.5,El Nino,Weak/Mod El Nino,0.11
1952,2,0.4,Neutral,Neutral,0.11
1952,3,0.3,Neutral,Neutral,-0.08
1952,4,0.3,Neutral,Neutral,0.03
1952,5,0.2,Neutral,Neutral,-0.03
1952,6,0.0,Neutral,Neutral,-0.03
1952,7,-0.1,Neutral,Neutral,0.04
1952,8,0.0,Neutral,Neutral,0.05
1952,9,0.2,Neutral,Neutral,0.07
1952,10,0.1,Neutral,Neutral,0.0
1952,11,0.0,Neutral,Neutral,-0.13
1952,12,0.1,Neutral,Neutral,-0.02
1953,1,0.4,Neutral,Neutral,0.07
1953,2,0.6,El Nino,Weak/Mod El Nino,0.15
1953,3,0.6,El Nino,Weak/Mod El Nino,0.11
1953,4,0.7,El Nino,Weak/Mod El Nino,0.19
1953,5,0.8,El Nino,Weak/Mod El Nino,0.11
1953,6,0.8,El Nino,Weak/Mod El Nino,0.12
1953,7,0.7,El Nino,Weak/Mod El Nino,0.01
1953,8,0.7,El Nino,Weak/Mod El Nino,0.05
1953,9,0.8,El Nino,Weak/Mod El Nino,0.04
1953,10,0.8,El Nino,Weak/Mod El Nino,0.08
1953,11,0.8,El Nino,Weak/Mod El Nino,-0.03
1953,12,0.8,El Nino,Weak/Mod El Nino,0.05
1954,1,0.8,El Nino,Weak/Mod El Nino,-0.24
1954,2,0.5,El Nino,Weak/Mod El Nino,-0.1
1954,3,0.0,Neutral,Neutral,-0.15
1954,4,-0.4,Neutral,Neutral,-0.14
1954,5,-0.5,La Nina,Weak/Mod La Nina,-0.2
1954,6,-0.5,La Nina,Weak/Mod La Nina,-0.19
1954,7,-0.6,La Nina,Weak/Mod La Nina,-0.19
1954,8,-0.8,La Nina,Weak/Mod La Nina,-0.17
1954,9,-0.9,La Nina,Weak/Mod La Nina,-0.1
1954,10,-0.8,La Nina,Weak/Mod La Nina,-0.02
1954,11,-0.7,La Nina,Weak/Mod La Nina,0.08
1954,12,-0.7,La Nina,Weak/Mod La Nina,-0.18
1955,1,-0.7,La Nina,Weak/Mod La Nina,0.13
1955,2,-0.6,La Nina,Weak/Mod La Nina,-0.16
1955,3,-0.7,La Nina,Weak/Mod La Nina,-0.32
1955,4,-0.8,La Nina,Weak/Mod La Nina,-0.22
1955,5,-0.8,La Nina,Weak/Mod La Nina,-0.2
1955,6,-0.7,La Nina,Weak/Mod La Nina,-0.13
1955,7,-0.7,La Nina,Weak/Mod La Nina,-0.11
1955,8,-0.7,La Nina,Weak/Mod La Nina,0.02
1955,9,-1.1,La Nina,Weak/Mod La Nina,-0.11
1955,10,-1.4,La Nina,Weak/Mod La Nina,-0.05
1955,11,-1.7,La Nina,Strong La Nina,-0.25
1955,12,-1.5,La Nina,Strong La Nina,-0.28
1956,1,-1.1,La Nina,Weak/Mod La Nina,-0.13
1956,2,-0.8,La Nina,Weak/Mod La Nina,-0.24
1956,3,-0.6,La Nina,Weak/Mod La Nina,-0.21
1956,4,-0.5,La Nina,Weak/Mod La Nina,-0.28
1956,5,-0.5,La Nina,Weak/Mod La Nina,-0.29
1956,6,-0.5,La Nina,Weak/Mod La Nina,-0.15
1956,7,-0.6,La Nina,Weak/Mod La Nina,-0.09
1956,8,-0.6,La Nina,Weak/Mod La Nina,-0.25
1956,9,-0.5,La Nina,Weak/Mod La Nina,-0.19
1956,10,-0.4,Neutral,Neutral,-0.23
1956,11,-0.4,Neutral,Neutral,-0.15
1956,12,-0.4,Neutral,Neutral,-0.07
1957,1,-0.2,Neutral,Neutral,-0.09
1957,2,0.1,Neutral,Neutral,-0.03
1957,3,0.4,Neutral,Neutral,-0.05
1957,4,0.7,El Nino,Weak/Mod El Nino,0.0
1957,5,0.9,El Nino,Weak/Mod El Nino,0.09
1957,6,1.1,El Nino,Weak/Mod El Nino,0.15
1957,7,1.3,El Nino,Weak/Mod El Nino,0.02
1957,8,1.3,El Nino,Weak/Mod El Nino,0.15
1957,9,1.3,El Nino,Weak/Mod El Nino,0.09
1957,10,1.4,El Nino,Weak/Mod El Nino,0.01
1957,11,1.5,El Nino,Strong El Nino,0.08
1957,12,1.7,El Nino,Strong El Nino,0.15
1958,1,1.8,El Nino,Strong El Nino,0.39
1958,2,1.7,El Nino,Strong El Nino,0.22
1958,3,1.3,El Nino,Weak/Mod El Nino,0.09
1958,4,0.9,El Nino,Weak/Mod El Nino,0.01
1958,5,0.7,El Nino,Weak/Mod El Nino,0.06
1958,6,0.6,El Nino,Weak/Mod El Nino,-0.09
1958,7,0.6,El Nino,Weak/Mod El Nino,0.05
1958,8,0.4,Neutral,Neutral,-0.05
1958,9,0.4,Neutral,Neutral,-0.03
1958,10,0.4,Neutral,Neutral,0.04
1958,11,0.5,El Nino,Weak/Mod El Nino,0.02
1958,12,0.6,El Nino,Weak/Mod El Nino,0.01
1959,1,0.6,El Nino,Weak/Mod El Nino,0.08
1959,2,0.6,El Nino,Weak/Mod El Nino,0.07
1959,3,0.5,El Nino,Weak/Mod El Nino,0.18
1959,4,0.3,Neutral,Neutral,0.16
1959,5,0.2,Neutral,Neutral,0.04
1959,6,-0.1,Neutral,Neutral,0.03
1959,7,-0.2,Neutral,Neutral,0.03
1959,8,-0.3,Neutral,Neutral,-0.01
1959,9,-0.1,Neutral,Neutral,-0.06
1959,10,0.0,Neutral,Neutral,-0.07
1959,11,0.0,Neutral,Neutral,-0.08
1959,12,0.0,Neutral,Neutral,0.0
1960,1,-0.1,Neutral,Neutral,0.0
1960,2,-0.1,Neutral,Neutral,0.13
1960,3,-0.1,Neutral,Neutral,-0.35
1960,4,0.0,Neutral,Neutral,-0.15
1960,5,0.0,Neutral,Neutral,-0.08
1960,6,0.0,Neutral,Neutral,-0.04
1960,7,0.1,Neutral,Neutral,-0.04
1960,8,0.2,Neutral,Neutral,0.02
1960,9,0.3,Neutral,Neutral,0.07
1960,10,0.2,Neutral,Neutral,0.06
1960,11,0.1,Neutral,Neutral,-0.11
1960,12,0.1,Neutral,Neutral,0.19
1961,1,0.0,Neutral,Neutral,0.07
1961,2,0.0,Neutral,Neutral,0.19
1961,3,0.0,Neutral,Neutral,0.09
1961,4,0.1,Neutral,Neutral,0.13
1961,5,0.2,Neutral,Neutral,0.12
1961,6,0.3,Neutral,Neutral,0.12
1961,7,0.1,Neutral,Neutral,0.01
1961,8,-0.1,Neutral,Neutral,0.01
1961,9,-0.3,Neutral,Neutral,0.08
1961,10,-0.3,Neutral,Neutral,0.0
1961,11,-0.2,Neutral,Neutral,0.03
1961,12,-0.2,Neutral,Neutral,-0.16
1962,1,-0.2,Neutral,Neutral,0.05
1962,2,-0.2,Neutral,Neutral,0.15
1962,3,-0.2,Neutral,Neutral,0.1
1962,4,-0.3,Neutral,Neutral,0.05
1962,5,-0.3,Neutral,Neutral,-0.06
1962,6,-0.2,Neutral,Neutral,0.03
1962,7,0.0,Neutral,Neutral,0.02
1962,8,-0.1,Neutral,Neutral,-0.01
1962,9,-0.1,Neutral,Neutral,0.0
1962,10,-0.2,Neutral,Neutral,0.01
1962,11,-0.3,Neutral,Neutral,0.06
1962,12,-0.4,Neutral,Neutral,-0.03
1963,1,-0.4,Neutral,Neutral,-0.03
1963,2,-0.2,Neutral,Neutral,0.18
1963,3,0.2,Neutral,Neutral,-0.14
1963,4,0.3,Neutral,Neutral,-0.07
1963,5,0.3,Neutral,Neutral,-0.06
1963,6,0.5,El Nino,Weak/Mod El Nino,0.05
1963,7,0.9,El Nino,Weak/Mod El Nino,0.06
1963,8,1.1,El Nino,Weak/Mod El Nino,0.22
1963,9,1.2,El Nino,Weak/Mod El Nino,0.17
1963,10,1.3,El Nino,Weak/Mod El Nino,0.15
1963,11,1.4,El Nino,Weak/Mod El Nino,0.15
1963,12,1.3,El Nino,Weak/Mod El Nino,-0.03
1964,1,1.1,El Nino,Weak/Mod El Nino,-0.09
1964,2,0.6,El Nino,Weak/Mod El Nino,-0.1
1964,3,0.1,Neutral,Neutral,-0.21
1964,4,-0.3,Neutral,Neutral,-0.32
1964,5,-0.6,La Nina,Weak/Mod La Nina,-0.25
1964,6,-0.6,La Nina,Weak/Mod La Nina,-0.04
1964,7,-0.6,La Nina,Weak/Mod La Nina,-0.04
1964,8,-0.7,La Nina,Weak/Mod La Nina,-0.22
1964,9,-0.8,La Nina,Weak/Mod La Nina,-0.29
1964,10,-0.8,La Nina,Weak/Mod La Nina,-0.31
1964,11,-0.8,La Nina,Weak/Mod La Nina,-0.21
1964,12,-0.8,La Nina,Weak/Mod La Nina,-0.3
1965,1,-0.6,La Nina,Weak/Mod La Nina,-0.08
1965,2,-0.3,Neutral,Neutral,-0.17
1965,3,-0.1,Neutral,Neutral,-0.13
1965,4,0.2,Neutral,Neutral,-0.19
1965,5,0.5,El Nino,Weak/Mod El Nino,-0.12
1965,6,0.8,El Nino,Weak/Mod El Nino,-0.08
1965,7,1.2,El Nino,Weak/Mod El Nino,-0.13
1965,8,1.5,El Nino,Strong El Nino,-0.04
1965,9,1.9,El Nino,Strong El Nino,-0.15
1965,10,2.0,El Nino,Strong El Nino,-0.05
1965,11,2.0,El Nino,Strong El Nino,-0.06
1965,12,1.7,El Nino,Strong El Nino,-0.08
1966,1,1.4,El Nino,Weak/Mod El Nino,-0.19
1966,2,1.2,El Nino,Weak/Mod El Nino,-0.04
1966,3,1.0,El Nino,Weak/Mod El Nino,0.04
1966,4,0.7,El Nino,Weak/Mod El Nino,-0.13
1966,5,0.4,Neutral,Neutral,-0.12
1966,6,0.2,Neutral,Neutral,0.01
1966,7,0.2,Neutral,Neutral,0.08
1966,8,0.1,Neutral,Neutral,-0.09
1966,9,-0.1,Neutral,Neutral,-0.03
1966,10,-0.1,Neutral,Neutral,-0.17
1966,11,-0.2,Neutral,Neutral,0.0
1966,12,-0.3,Neutral,Neutral,-0.02
1967,1,-0.4,Neutral,Neutral,-0.07
1967,2,-0.5,La Nina,Weak/Mod La Nina,-0.21
1967,3,-0.5,La Nina,Weak/Mod La Nina,0.05
1967,4,-0.4,Neutral,Neutral,-0.05
1967,5,-0.2,Neutral,Neutral,0.12
1967,6,0.0,Neutral,Neutral,-0.08
1967,7,0.0,Neutral,Neutral,0.02
1967,8,-0.2,Neutral,Neutral,0.01
1967,9,-0.3,Neutral,Neutral,-0.06
1967,10,-0.4,Neutral,Neutral,0.09
1967,11,-0.3,Neutral,Neutral,-0.05
1967,12,-0.4,Neutral,Neutral,-0.05
1968,1,-0.6,La Nina,Weak/Mod La Nina,-0.26
1968,2,-0.7,La Nina,Weak/Mod La Nina,-0.14
1968,3,-0.6,La Nina,Weak/Mod La Nina,0.2
1968,4,-0.4,Neutral,Neutral,-0.06
1968,5,0.0,Neutral,Neutral,-0.14
1968,6,0.3,Neutral,Neutral,-0.09
1968,7,0.6,El Nino,Weak/Mod El Nino,-0.13
1968,8,0.5,El Nino,Weak/Mod El Nino,-0.09
1968,9,0.4,Neutral,Neutral,-0.19
1968,10,0.5,El Nino,Weak/Mod El Nino,0.09
1968,11,0.7,El Nino,Weak/Mod El Nino,-0.05
1968,12,1.0,El Nino,Weak/Mod El Nino,-0.14
1969,1,1.1,El Nino,Weak/Mod El Nino,-0.11
1969,2,1.1,El Nino,Weak/Mod El Nino,-0.18
1969,3,0.9,El Nino,Weak/Mod El Nino,0.01
1969,4,0.8,El Nino,Weak/Mod El Nino,0.17
1969,5,0.6,El Nino,Weak/Mod El Nino,0.18
1969,6,0.4,Neutral,Neutral,0.03
1969,7,0.4,Neutral,Neutral,-0.05
1969,8,0.5,El Nino,Weak/Mod El Nino,0.04
1969,9,0.8,El Nino,Weak/Mod El Nino,0.08
1969,10,0.9,El Nino,Weak/Mod El Nino,0.09
1969,11,0.8,El Nino,Weak/Mod El Nino,0.12
1969,12,0.6,El Nino,Weak/Mod El Nino,0.24
1970,1,0.5,El Nino,Weak/Mod El Nino,0.08
1970,2,0.3,Neutral,Neutral,0.22
1970,3,0.3,Neutral,Neutral,0.06
1970,4,0.2,Neutral,Neutral,0.05
1970,5,0.0,Neutral,Neutral,-0.03
1970,6,-0.3,Neutral,Neutral,-0.02
1970,7,-0.6,La Nina,Weak/Mod La Nina,0.02
1970,8,-0.8,La Nina,Weak/Mod La Nina,-0.1
1970,9,-0.8,La Nina,Weak/Mod La Nina,0.12
1970,10,-0.7,La Nina,Weak/Mod La Nina,0.03
1970,11,-0.9,La Nina,Weak/Mod La Nina,0.02
1970,12,-1.1,La Nina,Weak/Mod La Nina,-0.12
1971,1,-1.4,La Nina,Weak/Mod La Nina,-0.02
1971,2,-1.4,La Nina,Weak/Mod La Nina,-0.15
1971,3,-1.1,La Nina,Weak/Mod La Nina,-0.18
1971,4,-0.8,La Nina,Weak/Mod La Nina,-0.07
1971,5,-0.7,La Nina,Weak/Mod La Nina,-0.05
1971,6,-0.7,La Nina,Weak/Mod La Nina,-0.16
1971,7,-0.8,La Nina,Weak/Mod La Nina,-0.08
1971,8,-0.8,La Nina,Weak/Mod La Nina,-0.01
1971,9,-0.8,La Nina,Weak/Mod La Nina,-0.05
1971,10,-0.9,La Nina,Weak/Mod La Nina,-0.04
1971,11,-1.0,La Nina,Weak/Mod La Nina,-0.07
1971,12,-0.9,La Nina,Weak/Mod La Nina,-0.08
1972,1,-0.7,La Nina,Weak/Mod La Nina,-0.23
1972,2,-0.4,Neutral,Neutral,-0.18
1972,3,0.1,Neutral,Neutral,0.02
1972,4,0.4,Neutral,Neutral,0.0
1972,5,0.7,El Nino,Weak/Mod El Nino,-0.03
1972,6,0.9,El Nino,Weak/Mod El Nino,0.04
1972,7,1.1,El Nino,Weak/Mod El Nino,0.01
1972,8,1.4,El Nino,Weak/Mod El Nino,0.16
1972,9,1.6,El Nino,Strong El Nino,0.02
1972,10,1.8,El Nino,Strong El Nino,0.08
1972,11,2.1,El Nino,Strong El Nino,0.02
1972,12,2.1,El Nino,Strong El Nino,0.18
1973,1,1.8,El Nino,Strong El Nino,0.29
1973,2,1.2,El Nino,Weak/Mod El Nino,0.32
1973,3,0.5,El Nino,Weak/Mod El Nino,0.29
1973,4,-0.1,Neutral,Neutral,0.27
1973,5,-0.5,La Nina,Weak/Mod La Nina,0.23
1973,6,-0.9,La Nina,Weak/Mod La Nina,0.19
1973,7,-1.1,La Nina,Weak/Mod La Nina,0.12
1973,8,-1.3,La Nina,Weak/Mod La Nina,0.05
1973,9,-1.5,La Nina,Strong La Nina,0.09
1973,10,-1.7,La Nina,Strong La Nina,0.1
1973,11,-1.9,La Nina,Strong La Nina,0.04
1973,12,-2.0,La Nina,Strong La Nina,-0.07
1974,1,-1.8,La Nina,Strong La Nina,-0.1
1974,2,-1.6,La Nina,Strong La Nina,-0.27
1974,3,-1.2,La Nina,Weak/Mod La Nina,-0.05
1974,4,-1.0,La Nina,Weak/Mod La Nina,-0.11
1974,5,-0.9,La Nina,Weak/Mod La Nina,-0.04
1974,6,-0.8,La Nina,Weak/Mod La Nina,-0.05
1974,7,-0.5,La Nina,Weak/Mod La Nina,-0.03
1974,8,-0.4,Neutral,Neutral,0.1
1974,9,-0.4,Neutral,Neutral,-0.08
1974,10,-0.6,La Nina,Weak/Mod La Nina,-0.06
1974,11,-0.8,La Nina,Weak/Mod La Nina,-0.08
1974,12,-0.6,La Nina,Weak/Mod La Nina,-0.08
1975,1,-0.5,La Nina,Weak/Mod La Nina,0.1
1975,2,-0.6,La Nina,Weak/Mod La Nina,0.08
1975,3,-0.7,La Nina,Weak/Mod La Nina,0.12
1975,4,-0.7,La Nina,Weak/Mod La Nina,0.04
1975,5,-0.8,La Nina,Weak/Mod La Nina,0.16
1975,6,-1.0,La Nina,Weak/Mod La Nina,-0.01
1975,7,-1.1,La Nina,Weak/Mod La Nina,-0.01
1975,8,-1.2,La Nina,Weak/Mod La Nina,-0.17
1975,9,-1.4,La Nina,Weak/Mod La Nina,-0.02
1975,10,-1.4,La Nina,Weak/Mod La Nina,-0.11
1975,11,-1.6,La Nina,Strong La Nina,-0.17
1975,12,-1.7,La Nina,Strong La Nina,-0.17
1976,1,-1.6,La Nina,Strong La Nina,-0.03
1976,2,-1.2,La Nina,Weak/Mod La Nina,-0.06
1976,3,-0.7,La Nina,Weak/Mod La Nina,-0.21
1976,4,-0.5,La Nina,Weak/Mod La Nina,-0.07
1976,5,-0.3,Neutral,Neutral,-0.2
1976,6,0.0,Neutral,Neutral,-0.12
1976,7,0.2,Neutral,Neutral,-0.1
1976,8,0.4,Neutral,Neutral,-0.12
1976,9,0.6,El Nino,Weak/Mod El Nino,-0.06
1976,10,0.8,El Nino,Weak/Mod El Nino,-0.24
1976,11,0.9,El Nino,Weak/Mod El Nino,-0.06
1976,12,0.8,El Nino,Weak/Mod El Nino,0.11
1977,1,0.7,El Nino,Weak/Mod El Nino,0.18
1977,2,0.6,El Nino,Weak/Mod El Nino,0.23
1977,3,0.3,Neutral,Neutral,0.24
1977,4,0.2,Neutral,Neutral,0.26
1977,5,0.2,Neutral,Neutral,0.33
1977,6,0.3,Neutral,Neutral,0.27
1977,7,0.4,Neutral,Neutral,0.2
1977,8,0.4,Neutral,Neutral,0.18
1977,9,0.6,El Nino,Weak/Mod El Nino,0.02
1977,10,0.7,El Nino,Weak/Mod El Nino,0.03
1977,11,0.8,El Nino,Weak/Mod El Nino,0.16
1977,12,0.8,El Nino,Weak/Mod El Nino,0.03
1978,1,0.7,El Nino,Weak/Mod El Nino,0.06
1978,2,0.4,Neutral,Neutral,0.1
1978,3,0.1,Neutral,Neutral,0.19
1978,4,-0.2,Neutral,Neutral,0.17
1978,5,-0.3,Neutral,Neutral,0.09
1978,6,-0.3,Neutral,Neutral,-0.01
1978,7,-0.4,Neutral,Neutral,0.04
1978,8,-0.4,Neutral,Neutral,-0.14
1978,9,-0.4,Neutral,Neutral,0.06
1978,10,-0.3,Neutral,Neutral,0.03
1978,11,-0.1,Neutral,Neutral,0.13
1978,12,0.0,Neutral,Neutral,0.08
1979,1,0.0,Neutral,Neutral,0.09
1979,2,0.1,Neutral,Neutral,-0.1
1979,3,0.2,Neutral,Neutral,0.19
1979,4,0.3,Neutral,Neutral,0.15
1979,5,0.2,Neutral,Neutral,0.03
1979,6,0.0,Neutral,Neutral,0.14
1979,7,0.0,Neutral,Neutral,0.04
1979,8,0.2,Neutral,Neutral,0.17
1979,9,0.3,Neutral,Neutral,0.25
1979,10,0.5,El Nino,Weak/Mod El Nino,0.26
1979,11,0.5,El Nino,Weak/Mod El Nino,0.28
1979,12,0.6,El Nino,Weak/Mod El Nino,0.48
1980,1,0.6,El Nino,Weak/Mod El Nino,0.29
1980,2,0.5,El Nino,Weak/Mod El Nino,0.39
1980,3,0.3,Neutral,Neutral,0.29
1980,4,0.4,Neutral,Neutral,0.3
1980,5,0.5,El Nino,Weak/Mod El Nino,0.35
1980,6,0.5,El Nino,Weak/Mod El Nino,0.2
1980,7,0.3,Neutral,Neutral,0.22
1980,8,0.0,Neutral,Neutral,0.18
1980,9,-0.1,Neutral,Neutral,0.2
1980,10,0.0,Neutral,Neutral,0.13
1980,11,0.1,Neutral,Neutral,0.29
1980,12,0.0,Neutral,Neutral,0.21
1981,1,-0.3,Neutral,Neutral,0.53
1981,2,-0.5,La Nina,Weak/Mod La Nina,0.42
1981,3,-0.5,La Nina,Weak/Mod La Nina,0.48
1981,4,-0.4,Neutral,Neutral,0.32
1981,5,-0.3,Neutral,Neutral,0.24
1981,6,-0.3,Neutral,Neutral,0.29
1981,7,-0.3,Neutral,Neutral,0.32
1981,8,-0.2,Neutral,Neutral,0.35
1981,9,-0.2,Neutral,Neutral,0.14
1981,10,-0.1,Neutral,Neutral,0.12
1981,11,-0.2,Neutral,Neutral,0.23
1981,12,-0.1,Neutral,Neutral,0.41
1982,1,0.0,Neutral,Neutral,0.05
1982,2,0.1,Neutral,Neutral,0.15
1982,3,0.2,Neutral,Neutral,0.03
1982,4,0.5,El Nino,Weak/Mod El Nino,0.15
1982,5,0.7,El Nino,Weak/Mod El Nino,0.18
1982,6,0.7,El Nino,Weak/Mod El Nino,0.05
1982,7,0.8,El Nino,Weak/Mod El Nino,0.14
1982,8,1.1,El Nino,Weak/Mod El Nino,0.03
1982,9,1.6,El Nino,Strong El Nino,0.14
1982,10,2.0,El Nino,Strong El Nino,0.13
1982,11,2.2,El Nino,Strong El Nino,0.18
1982,12,2.2,El Nino,Strong El Nino,0.43
1983,1,2.2,El Nino,Strong El Nino,0.53
1983,2,1.9,El Nino,Strong El Nino,0.43
1983,3,1.5,El Nino,Strong El Nino,0.41
1983,4,1.3,El Nino,Weak/Mod El Nino,0.28
1983,5,1.1,El Nino,Weak/Mod El Nino,0.34
1983,6,0.7,El Nino,Weak/Mod El Nino,0.22
1983,7,0.3,Neutral,Neutral,0.18
1983,8,-0.1,Neutral,Neutral,0.35
1983,9,-0.5,La Nina,Weak/Mod La Nina,0.37
1983,10,-0.8,La Nina,Weak/Mod La Nina,0.17
1983,11,-1.0,La Nina,Weak/Mod La Nina,0.3
1983,12,-0.9,La Nina,Weak/Mod La Nina,0.16
1984,1,-0.6,La Nina,Weak/Mod La Nina,0.31
1984,2,-0.4,Neutral,Neutral,0.14
1984,3,-0.3,Neutral,Neutral,0.26
1984,4,-0.4,Neutral,Neutral,0.06
1984,5,-0.5,La Nina,Weak/Mod La Nina,0.33
1984,6,-0.4,Neutral,Neutral,0.02
1984,7,-0.3,Neutral,Neutral,0.19
1984,8,-0.2,Neutral,Neutral,0.19
1984,9,-0.2,Neutral,Neutral,0.21
1984,10,-0.6,La Nina,Weak/Mod La Nina,0.13
1984,11,-0.9,La Nina,Weak/Mod La Nina,0.06
1984,12,-1.1,La Nina,Weak/Mod La Nina,-0.04
1985,1,-1.0,La Nina,Weak/Mod La Nina,0.22
1985,2,-0.8,La Nina,Weak/Mod La Nina,-0.04
1985,3,-0.8,La Nina,Weak/Mod La Nina,0.17
1985,4,-0.8,La Nina,Weak/Mod La Nina,0.12
1985,5,-0.8,La Nina,Weak/Mod La Nina,0.14
1985,6,-0.6,La Nina,Weak/Mod La Nina,0.15
1985,7,-0.5,La Nina,Weak/Mod La Nina,0.04
1985,8,-0.5,La Nina,Weak/Mod La Nina,0.16
1985,9,-0.4,Neutral,Neutral,0.13
1985,10,-0.3,Neutral,Neutral,0.12
1985,11,-0.3,Neutral,Neutral,0.05
1985,12,-0.4,Neutral,Neutral,0.14
1986,1,-0.5,La Nina,Weak/Mod La Nina,0.26
1986,2,-0.5,La Nina,Weak/Mod La Nina,0.37
1986,3,-0.3,Neutral,Neutral,0.3
1986,4,-0.2,Neutral,Neutral,0.22
1986,5,-0.1,Neutral,Neutral,0.21
1986,6,0.0,Neutral,Neutral,0.12
1986,7,0.2,Neutral,Neutral,0.11
1986,8,0.4,Neutral,Neutral,0.15
1986,9,0.7,El Nino,Weak/Mod El Nino,0.03
1986,10,0.9,El Nino,Weak/Mod El Nino,0.15
1986,11,1.1,El Nino,Weak/Mod El Nino,0.1
1986,12,1.2,El Nino,Weak/Mod El Nino,0.13
1987,1,1.2,El Nino,Weak/Mod El Nino,0.32
1987,2,1.2,El Nino,Weak/Mod El Nino,0.43
1987,3,1.1,El Nino,Weak/Mod El Nino,0.18
1987,4,0.9,El Nino,Weak/Mod El Nino,0.24
1987,5,1.0,El Nino,Weak/Mod El Nino,0.25
1987,6,1.2,El Nino,Weak/Mod El Nino,0.35
1987,7,1.5,El Nino,Strong El Nino,0.4
1987,8,1.7,El Nino,Strong El Nino,0.24
1987,9,1.6,El Nino,Strong El Nino,0.35
1987,10,1.5,El Nino,Strong El Nino,0.33
1987,11,1.3,El Nino,Weak/Mod El Nino,0.29
1987,12,1.1,El Nino,Weak/Mod El Nino,0.46
1988,1,0.8,El Nino,Weak/Mod El Nino,0.56
1988,2,0.5,El Nino,Weak/Mod El Nino,0.44
1988,3,0.1,Neutral,Neutral,0.51
1988,4,-0.3,Neutral,Neutral,0.42
1988,5,-0.9,La Nina,Weak/Mod La Nina,0.44
1988,6,-1.3,La Nina,Weak/Mod La Nina,0.4
1988,7,-1.3,La Nina,Weak/Mod La Nina,0.33
1988,8,-1.1,La Nina,Weak/Mod La Nina,0.39
1988,9,-1.2,La Nina,Weak/Mod La Nina,0.37
1988,10,-1.5,La Nina,Strong La Nina,0.37
1988,11,-1.8,La Nina,Strong La Nina,0.12
1988,12,-1.8,La Nina,Strong La Nina,0.29
1989,1,-1.7,La Nina,Strong La Nina,0.12
1989,2,-1.4,La Nina,Weak/Mod La Nina,0.29
1989,3,-1.1,La Nina,Weak/Mod La Nina,0.36
1989,4,-0.8,La Nina,Weak/Mod La Nina,0.29
1989,5,-0.6,La Nina,Weak/Mod La Nina,0.17
1989,6,-0.4,Neutral,Neutral,0.15
1989,7,-0.3,Neutral,Neutral,0.34
1989,8,-0.3,Neutral,Neutral,0.33
1989,9,-0.2,Neutral,Neutral,0.34
1989,10,-0.2,Neutral,Neutral,0.29
1989,11,-0.2,Neutral,Neutral,0.2
1989,12,-0.1,Neutral,Neutral,0.37
1990,1,0.1,Neutral,Neutral,0.41
1990,2,0.2,Neutral,Neutral,0.43
1990,3,0.3,Neutral,Neutral,0.8
1990,4,0.3,Neutral,Neutral,0.56
1990,5,0.3,Neutral,Neutral,0.45
1990,6,0.3,Neutral,Neutral,0.37
1990,7,0.3,Neutral,Neutral,0.46
1990,8,0.4,Neutral,Neutral,0.34
1990,9,0.4,Neutral,Neutral,0.23
1990,10,0.3,Neutral,Neutral,0.44
1990,11,0.4,Neutral,Neutral,0.46
1990,12,0.4,Neutral,Neutral,0.4
1991,1,0.4,Neutral,Neutral,0.42
1991,2,0.3,Neutral,Neutral,0.49
1991,3,0.2,Neutral,Neutral,0.35
1991,4,0.3,Neutral,Neutral,0.51
1991,5,0.5,El Nino,Weak/Mod El Nino,0.34
1991,6,0.6,El Nino,Weak/Mod El Nino,0.53
1991,7,0.7,El Nino,Weak/Mod El Nino,0.47
1991,8,0.6,El Nino,Weak/Mod El Nino,0.39
1991,9,0.6,El Nino,Weak/Mod El Nino,0.44
1991,10,0.8,El Nino,Weak/Mod El Nino,0.29
1991,11,1.2,El Nino,Weak/Mod El Nino,0.29
1991,12,1.5,El Nino,Strong El Nino,0.31
1992,1,1.7,El Nino,Strong El Nino,0.47
1992,2,1.6,El Nino,Strong El Nino,0.4
1992,3,1.5,El Nino,Strong El Nino,0.48
1992,4,1.3,El Nino,Weak/Mod El Nino,0.27
1992,5,1.1,El Nino,Weak/Mod El Nino,0.31
1992,6,0.7,El Nino,Weak/Mod El Nino,0.26
1992,7,0.4,Neutral,Neutral,0.09
1992,8,0.1,Neutral,Neutral,0.08
1992,9,-0.1,Neutral,Neutral,-0.01
1992,10,-0.2,Neutral,Neutral,0.07
1992,11,-0.3,Neutral,Neutral,0.03
1992,12,-0.1,Neutral,Neutral,0.21
1993,1,0.1,Neutral,Neutral,0.34
1993,2,0.3,Neutral,Neutral,0.37
1993,3,0.5,El Nino,Weak/Mod El Nino,0.36
1993,4,0.7,El Nino,Weak/Mod El Nino,0.28
1993,5,0.7,El Nino,Weak/Mod El Nino,0.28
1993,6,0.6,El Nino,Weak/Mod El Nino,0.23
1993,7,0.3,Neutral,Neutral,0.25
1993,8,0.3,Neutral,Neutral,0.11
1993,9,0.2,Neutral,Neutral,0.11
1993,10,0.1,Neutral,Neutral,0.24
1993,11,0.0,Neutral,Neutral,0.03
1993,12,0.1,Neutral,Neutral,0.18
1994,1,0.1,Neutral,Neutral,0.26
1994,2,0.1,Neutral,Neutral,0.02
1994,3,0.2,Neutral,Neutral,0.29
1994,4,0.3,Neutral,Neutral,0.41
1994,5,0.4,Neutral,Neutral,0.28
1994,6,0.4,Neutral,Neutral,0.43
1994,7,0.4,Neutral,Neutral,0.3
1994,8,0.4,Neutral,Neutral,0.21
1994,9,0.6,El Nino,Weak/Mod El Nino,0.31
1994,10,0.7,El Nino,Weak/Mod El Nino,0.42
1994,11,1.0,El Nino,Weak/Mod El Nino,0.44
1994,12,1.1,El Nino,Weak/Mod El Nino,0.38
1995,1,1.0,El Nino,Weak/Mod El Nino,0.52
1995,2,0.7,El Nino,Weak/Mod El Nino,0.79
1995,3,0.5,El Nino,Weak/Mod El Nino,0.46
1995,4,0.3,Neutral,Neutral,0.46
1995,5,0.1,Neutral,Neutral,0.27
1995,6,0.0,Neutral,Neutral,0.43
1995,7,-0.2,Neutral,Neutral,0.45
1995,8,-0.5,La Nina,Weak/Mod La Nina,0.45
1995,9,-0.8,La Nina,Weak/Mod La Nina,0.33
1995,10,-1.0,La Nina,Weak/Mod La Nina,0.46
1995,11,-1.0,La Nina,Weak/Mod La Nina,0.44
1995,12,-1.0,La Nina,Weak/Mod La Nina,0.26
1996,1,-0.9,La Nina,Weak/Mod La Nina,0.24
1996,2,-0.8,La Nina,Weak/Mod La Nina,0.46
1996,3,-0.6,La Nina,Weak/Mod La Nina,0.32
1996,4,-0.4,Neutral,Neutral,0.33
1996,5,-0.3,Neutral,Neutral,0.27
1996,6,-0.3,Neutral,Neutral,0.25
1996,7,-0.3,Neutral,Neutral,0.36
1996,8,-0.3,Neutral,Neutral,0.48
1996,9,-0.4,Neutral,Neutral,0.25
1996,10,-0.4,Neutral,Neutral,0.22
1996,11,-0.4,Neutral,Neutral,0.41
1996,12,-0.5,La Nina,Weak/Mod La Nina,0.37
1997,1,-0.5,La Nina,Weak/Mod La Nina,0.32
1997,2,-0.4,Neutral,Neutral,0.4
1997,3,-0.1,Neutral,Neutral,0.52
1997,4,0.3,Neutral,Neutral,0.33
1997,5,0.8,El Nino,Weak/Mod El Nino,0.34
1997,6,1.2,El Nino,Weak/Mod El Nino,0.54
1997,7,1.6,El Nino,Strong El Nino,0.34
1997,8,1.9,El Nino,Strong El Nino,0.41
1997,9,2.1,El Nino,Strong El Nino,0.52
1997,10,2.3,El Nino,Strong El Nino,0.61
1997,11,2.4,El Nino,Strong El Nino,0.64
1997,12,2.4,El Nino,Strong El Nino,0.59
1998,1,2.2,El Nino,Strong El Nino,0.58
1998,2,1.9,El Nino,Strong El Nino,0.88
1998,3,1.4,El Nino,Weak/Mod El Nino,0.63
1998,4,1.0,El Nino,Weak/Mod El Nino,0.63
1998,5,0.5,El Nino,Weak/Mod El Nino,0.68
1998,6,-0.1,Neutral,Neutral,0.77
1998,7,-0.8,La Nina,Weak/Mod La Nina,0.66
1998,8,-1.1,La Nina,Weak/Mod La Nina,0.65
1998,9,-1.3,La Nina,Weak/Mod La Nina,0.42
1998,10,-1.4,La Nina,Weak/Mod La Nina,0.42
1998,11,-1.5,La Nina,Strong La Nina,0.43
1998,12,-1.6,La Nina,Strong La Nina,0.54
1999,1,-1.5,La Nina,Strong La Nina,0.48
1999,2,-1.3,La Nina,Weak/Mod La Nina,0.64
1999,3,-1.1,La Nina,Weak/Mod La Nina,0.32
1999,4,-1.0,La Nina,Weak/Mod La Nina,0.32
1999,5,-1.0,La Nina,Weak/Mod La Nina,0.26
1999,6,-1.0,La Nina,Weak/Mod La Nina,0.36
1999,7,-1.1,La Nina,Weak/Mod La Nina,0.39
1999,8,-1.1,La Nina,Weak/Mod La Nina,0.31
1999,9,-1.2,La Nina,Weak/Mod La Nina,0.39
1999,10,-1.3,La Nina,Weak/Mod La Nina,0.34
1999,11,-1.5,La Nina,Strong La Nina,0.37
1999,12,-1.7,La Nina,Strong La Nina,0.4
2000,1,-1.7,La Nina,Strong La Nina,0.25
2000,2,-1.4,La Nina,Weak/Mod La Nina,0.56
2000,3,-1.1,La Nina,Weak/Mod La Nina,0.55
2000,4,-0.8,La Nina,Weak/Mod La Nina,0.56
2000,5,-0.7,La Nina,Weak/Mod La Nina,0.35
2000,6,-0.6,La Nina,Weak/Mod La Nina,0.4
2000,7,-0.6,La Nina,Weak/Mod La Nina,0.39
2000,8,-0.5,La Nina,Weak/Mod La Nina,0.42
2000,9,-0.5,La Nina,Weak/Mod La Nina,0.38
2000,10,-0.6,La Nina,Weak/Mod La Nina,0.27
2000,11,-0.7,La Nina,Weak/Mod La Nina,0.3
2000,12,-0.7,La Nina,Weak/Mod La Nina,0.28
2001,1,-0.7,La Nina,Weak/Mod La Nina,0.45
2001,2,-0.5,La Nina,Weak/Mod La Nina,0.43
2001,3,-0.4,Neutral,Neutral,0.55
2001,4,-0.3,Neutral,Neutral,0.5
2001,5,-0.3,Neutral,Neutral,0.57
2001,6,-0.1,Neutral,Neutral,0.52
2001,7,-0.1,Neutral,Neutral,0.59
2001,8,-0.1,Neutral,Neutral,0.48
2001,9,-0.2,Neutral,Neutral,0.51
2001,10,-0.3,Neutral,Neutral,0.5
2001,11,-0.3,Neutral,Neutral,0.72
2001,12,-0.3,Neutral,Neutral,0.55
2002,1,-0.1,Neutral,Neutral,0.77
2002,2,0.0,Neutral,Neutral,0.78
2002,3,0.1,Neutral,Neutral,0.88
2002,4,0.2,Neutral,Neutral,0.58
2002,5,0.4,Neutral,Neutral,0.64
2002,6,0.7,El Nino,Weak/Mod El Nino,0.53
2002,7,0.8,El Nino,Weak/Mod El Nino,0.61
2002,8,0.9,El Nino,Weak/Mod El Nino,0.53
2002,9,1.0,El Nino,Weak/Mod El Nino,0.64
2002,10,1.2,El Nino,Weak/Mod El Nino,0.54
2002,11,1.3,El Nino,Weak/Mod El Nino,0.59
2002,12,1.1,El Nino,Weak/Mod El Nino,0.44
2003,1,0.9,El Nino,Weak/Mod El Nino,0.74
2003,2,0.6,El Nino,Weak/Mod El Nino,0.58
2003,3,0.4,Neutral,Neutral,0.6
2003,4,0.0,Neutral,Neutral,0.55
2003,5,-0.3,Neutral,Neutral,0.6
2003,6,-0.2,Neutral,Neutral,0.47
2003,7,0.1,Neutral,Neutral,0.58
2003,8,0.2,Neutral,Neutral,0.64
2003,9,0.3,Neutral,Neutral,0.62
2003,10,0.3,Neutral,Neutral,0.72
2003,11,0.4,Neutral,Neutral,0.52
2003,12,0.4,Neutral,Neutral,0.74
2004,1,0.4,Neutral,Neutral,0.57
2004,2,0.3,Neutral,Neutral,0.72
2004,3,0.2,Neutral,Neutral,0.63
2004,4,0.2,Neutral,Neutral,0.61
2004,5,0.2,Neutral,Neutral,0.37
2004,6,0.3,Neutral,Neutral,0.44
2004,7,0.5,El Nino,Weak/Mod El Nino,0.25
2004,8,0.6,El Nino,Weak/Mod El Nino,0.45
2004,9,0.7,El Nino,Weak/Mod El Nino,0.5
2004,10,0.7,El Nino,Weak/Mod El Nino,0.61
2004,11,0.7,El Nino,Weak/Mod El Nino,0.73
2004,12,0.7,El Nino,Weak/Mod El Nino,0.5
2005,1,0.6,El Nino,Weak/Mod El Nino,0.75
2005,2,0.6,El Nino,Weak/Mod El Nino,0.6
2005,3,0.4,Neutral,Neutral,0.74
2005,4,0.4,Neutral,Neutral,0.67
2005,5,0.3,Neutral,Neutral,0.63
2005,6,0.1,Neutral,Neutral,0.65
2005,7,-0.1,Neutral,Neutral,0.61
2005,8,-0.1,Neutral,Neutral,0.6
2005,9,-0.1,Neutral,Neutral,0.71
2005,10,-0.3,Neutral,Neutral,0.76
2005,11,-0.6,La Nina,Weak/Mod La Nina,0.74
2005,12,-0.8,La Nina,Weak/Mod La Nina,0.67
2006,1,-0.9,La Nina,Weak/Mod La Nina,0.56
2006,2,-0.8,La Nina,Weak/Mod La Nina,0.74
2006,3,-0.6,La Nina,Weak/Mod La Nina,0.63
2006,4,-0.4,Neutral,Neutral,0.46
2006,5,-0.1,Neutral,Neutral,0.48
2006,6,0.0,Neutral,Neutral,0.66
2006,7,0.1,Neutral,Neutral,0.54
2006,8,0.3,Neutral,Neutral,0.71
2006,9,0.5,El Nino,Weak/Mod El Nino,0.66
2006,10,0.8,El Nino,Weak/Mod El Nino,0.7
2006,11,0.9,El Nino,Weak/Mod El Nino,0.73
2006,12,0.9,El Nino,Weak/Mod El Nino,0.79
2007,1,0.7,El Nino,Weak/Mod El Nino,1.01
2007,2,0.2,Neutral,Neutral,0.7
2007,3,-0.1,Neutral,Neutral,0.71
2007,4,-0.3,Neutral,Neutral,0.77
2007,5,-0.4,Neutral,Neutral,0.69
2007,6,-0.5,La Nina,Weak/Mod La Nina,0.61
2007,7,-0.6,La Nina,Weak/Mod La Nina,0.6
2007,8,-0.8,La Nina,Weak/Mod La Nina,0.6
2007,9,-1.1,La Nina,Weak/Mod La Nina,0.6
2007,10,-1.3,La Nina,Weak/Mod La Nina,0.59
2007,11,-1.5,La Nina,Strong La Nina,0.59
2007,12,-1.6,La Nina,Strong La Nina,0.49
2008,1,-1.6,La Nina,Strong La Nina,0.3
2008,2,-1.5,La Nina,Strong La Nina,0.38
2008,3,-1.3,La Nina,Weak/Mod La Nina,0.75
2008,4,-1.0,La Nina,Weak/Mod La Nina,0.54
2008,5,-0.8,La Nina,Weak/Mod La Nina,0.5
2008,6,-0.6,La Nina,Weak/Mod La Nina,0.49
2008,7,-0.4,Neutral,Neutral,0.6
2008,8,-0.2,Neutral,Neutral,0.45
2008,9,-0.2,Neutral,Neutral,0.6
2008,10,-0.4,Neutral,Neutral,0.67
2008,11,-0.6,La Nina,Weak/Mod La Nina,0.69
2008,12,-0.7,La Nina,Weak/Mod La Nina,0.53
2009,1,-0.8,La Nina,Weak/Mod La Nina,0.64
2009,2,-0.8,La Nina,Weak/Mod La Nina,0.53
2009,3,-0.6,La Nina,Weak/Mod La Nina,0.53
2009,4,-0.3,Neutral,Neutral,0.61
2009,5,0.0,Neutral,Neutral,0.65
2009,6,0.3,Neutral,Neutral,0.64
2009,7,0.5,El Nino,Weak/Mod El Nino,0.73
2009,8,0.6,El Nino,Weak/Mod El Nino,0.69
2009,9,0.7,El Nino,Weak/Mod El Nino,0.72
2009,10,1.0,El Nino,Weak/Mod El Nino,0.65
2009,11,1.4,El Nino,Weak/Mod El Nino,0.8
2009,12,1.6,El Nino,Strong El Nino,0.67
2010,1,1.5,El Nino,Strong El Nino,0.74
2010,2,1.2,El Nino,Weak/Mod El Nino,0.84
2010,3,0.8,El Nino,Weak/Mod El Nino,0.92
2010,4,0.4,Neutral,Neutral,0.85
2010,5,-0.2,Neutral,Neutral,0.75
2010,6,-0.7,La Nina,Weak/Mod La Nina,0.67
2010,7,-1.0,La Nina,Weak/Mod La Nina,0.63
2010,8,-1.3,La Nina,Weak/Mod La Nina,0.67
2010,9,-1.6,La Nina,Strong La Nina,0.63
2010,10,-1.6,La Nina,Strong La Nina,0.71
2010,11,-1.6,La Nina,Strong La Nina,0.81
2010,12,-1.5,La Nina,Strong La Nina,0.45
2011,1,-1.3,La Nina,Weak/Mod La Nina,0.52
2011,2,-1.0,La Nina,Weak/Mod La Nina,0.47
2011,3,-0.8,La Nina,Weak/Mod La Nina,0.65
2011,4,-0.6,La Nina,Weak/Mod La Nina,0.64
2011,5,-0.5,La Nina,Weak/Mod La Nina,0.53
2011,6,-0.4,Neutral,Neutral,0.62
2011,7,-0.4,Neutral,Neutral,0.7
2011,8,-0.6,La Nina,Weak/Mod La Nina,0.75
2011,9,-0.8,La Nina,Weak/Mod La Nina,0.55
2011,10,-1.0,La Nina,Weak/Mod La Nina,0.65
2011,11,-1.0,La Nina,Weak/Mod La Nina,0.59
2011,12,-0.9,La Nina,Weak/Mod La Nina,0.6
2012,1,-0.7,La Nina,Weak/Mod La Nina,0.47
2012,2,-0.6,La Nina,Weak/Mod La Nina,0.48
2012,3,-0.5,La Nina,Weak/Mod La Nina,0.56
2012,4,-0.4,Neutral,Neutral,0.72
2012,5,-0.2,Neutral,Neutral,0.78
2012,6,0.1,Neutral,Neutral,0.64
2012,7,0.3,Neutral,Neutral,0.59
2012,8,0.4,Neutral,Neutral,0.66
2012,9,0.4,Neutral,Neutral,0.72
2012,10,0.3,Neutral,Neutral,0.79
2012,11,0.1,Neutral,Neutral,0.78
2012,12,-0.1,Neutral,Neutral,0.52
2013,1,-0.3,Neutral,Neutral,0.71
2013,2,-0.3,Neutral,Neutral,0.61
2013,3,-0.2,Neutral,Neutral,0.67
2013,4,-0.2,Neutral,Neutral,0.53
2013,5,-0.3,Neutral,Neutral,0.6
2013,6,-0.3,Neutral,Neutral,0.69
2013,7,-0.4,Neutral,Neutral,0.6
2013,8,-0.3,Neutral,Neutral,0.7
2013,9,-0.2,Neutral,Neutral,0.76
2013,10,-0.1,Neutral,Neutral,0.69
2013,11,-0.1,Neutral,Neutral,0.83
2013,12,-0.2,Neutral,Neutral,0.7
2014,1,-0.3,Neutral,Neutral,0.76
2014,2,-0.3,Neutral,Neutral,0.55
2014,3,-0.1,Neutral,Neutral,0.78
2014,4,0.2,Neutral,Neutral,0.81
2014,5,0.3,Neutral,Neutral,0.86
2014,6,0.2,Neutral,Neutral,0.67
2014,7,0.1,Neutral,Neutral,0.58
2014,8,0.1,Neutral,Neutral,0.83
2014,9,0.3,Neutral,Neutral,0.88
2014,10,0.5,El Nino,Weak/Mod El Nino,0.8
2014,11,0.7,El Nino,Weak/Mod El Nino,0.67
2014,12,0.8,El Nino,Weak/Mod El Nino,0.78
2015,1,0.7,El Nino,Weak/Mod El Nino,0.86
2015,2,0.6,El Nino,Weak/Mod El Nino,0.91
2015,3,0.7,El Nino,Weak/Mod El Nino,0.96
2015,4,0.8,El Nino,Weak/Mod El Nino,0.75
2015,5,1.0,El Nino,Weak/Mod El Nino,0.8
2015,6,1.3,El Nino,Weak/Mod El Nino,0.81
2015,7,1.6,El Nino,Strong El Nino,0.73
2015,8,1.9,El Nino,Strong El Nino,0.79
2015,9,2.2,El Nino,Strong El Nino,0.83
2015,10,2.5,El Nino,Strong El Nino,1.07
2015,11,2.6,El Nino,Strong El Nino,1.06
2015,12,2.8,El Nino,Strong El Nino,1.17
2016,1,2.6,El Nino,Strong El Nino,1.18
2016,2,2.3,El Nino,Strong El Nino,1.36
2016,3,1.7,El Nino,Strong El Nino,1.35
2016,4,1.0,El Nino,Weak/Mod El Nino,1.08
2016,5,0.5,El Nino,Weak/Mod El Nino,0.95
2016,6,0.0,Neutral,Neutral,0.8
2016,7,-0.3,Neutral,Neutral,0.84
2016,8,-0.5,La Nina,Weak/Mod La Nina,1.01
2016,9,-0.6,La Nina,Weak/Mod La Nina,0.9
2016,10,-0.6,La Nina,Weak/Mod La Nina,0.86
2016,11,-0.6,La Nina,Weak/Mod La Nina,0.91
2016,12,-0.5,La Nina,Weak/Mod La Nina,0.86
2017,1,-0.2,Neutral,Neutral,1.02
2017,2,0.0,Neutral,Neutral,1.13
2017,3,0.2,Neutral,Neutral,1.16
2017,4,0.3,Neutral,Neutral,0.93
2017,5,0.4,Neutral,Neutral,0.91
2017,6,0.4,Neutral,Neutral,0.71
2017,7,0.2,Neutral,Neutral,0.82
2017,8,-0.1,Neutral,Neutral,0.87
2017,9,-0.3,Neutral,Neutral,0.74
2017,10,-0.6,La Nina,Weak/Mod La Nina,0.88
2017,11,-0.8,La Nina,Weak/Mod La Nina,0.87
2017,12,-0.9,La Nina,Weak/Mod La Nina,0.93
2018,1,-0.8,La Nina,Weak/Mod La Nina,0.82
2018,2,-0.7,La Nina,Weak/Mod La Nina,0.84
2018,3,-0.6,La Nina,Weak/Mod La Nina,0.88
2018,4,-0.4,Neutral,Neutral,0.88
2018,5,-0.1,Neutral,Neutral,0.81
2018,6,0.1,Neutral,Neutral,0.76
2018,7,0.1,Neutral,Neutral,0.83
2018,8,0.3,Neutral,Neutral,0.78
2018,9,0.5,El Nino,Weak/Mod El Nino,0.8
2018,10,0.8,El Nino,Weak/Mod El Nino,1.01
2018,11,1.0,El Nino,Weak/Mod El Nino,0.83
2018,12,0.9,El Nino,Weak/Mod El Nino,0.93
2019,1,0.9,El Nino,Weak/Mod El Nino,0.93
2019,2,0.9,El Nino,Weak/Mod El Nino,0.95
2019,3,0.8,El Nino,Weak/Mod El Nino,1.17
2019,4,0.8,El Nino,Weak/Mod El Nino,1.01
2019,5,0.6,El Nino,Weak/Mod El Nino,0.86
2019,6,0.5,El Nino,Weak/Mod El Nino,0.9
2019,7,0.3,Neutral,Neutral,0.94
2019,8,0.2,Neutral,Neutral,0.95
2019,9,0.2,Neutral,Neutral,0.93
2019,10,0.4,Neutral,Neutral,1.0
2019,11,0.6,El Nino,Weak/Mod El Nino,0.99
2019,12,0.7,El Nino,Weak/Mod El Nino,1.11
2020,1,0.6,El Nino,Weak/Mod El Nino,1.17
2020,2,0.6,El Nino,Weak/Mod El Nino,1.24
2020,3,0.5,El Nino,Weak/Mod El Nino,1.18
2020,4,0.3,Neutral,Neutral,1.12
2020,5,0.0,Neutral,Neutral,0.99
2020,6,-0.2,Neutral,Neutral,0.91
2020,7,-0.4,Neutral,Neutral,0.89
2020,8,-0.5,La Nina,Weak/Mod La Nina,0.86
2020,9,-0.8,La Nina,Weak/Mod La Nina,0.96
2020,10,-1.1,La Nina,Weak/Mod La Nina,0.87
2020,11,-1.2,La Nina,Weak/Mod La Nina,1.08
2020,12,-1.1,La Nina,Weak/Mod La Nina,0.8
2021,1,-0.9,La Nina,Weak/Mod La Nina,0.81
2021,2,-0.8,La Nina,Weak/Mod La Nina,0.64
2021,3,-0.7,La Nina,Weak/Mod La Nina,0.89
2021,4,-0.5,La Nina,Weak/Mod La Nina,0.76
2021,5,-0.4,Neutral,Neutral,0.79
2021,6,-0.3,Neutral,Neutral,0.85
2021,7,-0.3,Neutral,Neutral,0.92
2021,8,-0.4,Neutral,Neutral,0.81
2021,9,-0.6,La Nina,Weak/Mod La Nina,0.92
2021,10,-0.8,La Nina,Weak/Mod La Nina,0.98
2021,11,-0.9,La Nina,Weak/Mod La Nina,0.92
2021,12,-0.9,La Nina,Weak/Mod La Nina,0.88
2022,1,-0.8,La Nina,Weak/Mod La Nina,0.91
2022,2,-0.8,La Nina,Weak/Mod La Nina,0.89
2022,3,-0.9,La Nina,Weak/Mod La Nina,1.04
2022,4,-1.0,La Nina,Weak/Mod La Nina,0.83
2022,5,-0.9,La Nina,Weak/Mod La Nina,0.84
2022,6,-0.8,La Nina,Weak/Mod La Nina,0.92
2022,7,-0.8,La Nina,Weak/Mod La Nina,0.94
2022,8,-0.9,La Nina,Weak/Mod La Nina,0.94
2022,9,-1.0,La Nina,Weak/Mod La Nina,0.88
2022,10,-0.9,La Nina,Weak/Mod La Nina,0.97
2022,11,-0.8,La Nina,Weak/Mod La Nina,0.73
2022,12,-0.7,La Nina,Weak/Mod La Nina,0.79
2023,1,-0.5,La Nina,Weak/Mod La Nina,0.87
2023,2,-0.3,Neutral,Neutral,0.97
2023,3,0.0,Neutral,Neutral,1.23
2023,4,0.3,Neutral,Neutral,0.99
2023,5,0.6,El Nino,Weak/Mod El Nino,0.94
2023,6,0.8,El Nino,Weak/Mod El Nino,1.08
2023,7,1.1,El Nino,Weak/Mod El Nino,1.19
2023,8,1.4,El Nino,Weak/Mod El Nino,1.19
2023,9,1.6,El Nino,Strong El Nino,1.48
2023,10,1.8,El Nino,Strong El Nino,1.34
2023,11,2.0,El Nino,Strong El Nino,1.4
2023,12,2.1,El Nino,Strong El Nino,1.35
2024,1,1.9,El Nino,Strong El Nino,1.25
2024,2,1.6,El Nino,Strong El Nino,1.43
2024,3,1.3,El Nino,Weak/Mod El Nino,1.39
2024,4,0.8,El Nino,Weak/Mod El Nino,1.31
2024,5,0.5,El Nino,Weak/Mod El Nino,1.16
2024,6,0.2,Neutral,Neutral,1.24
2024,7,0.1,Neutral,Neutral,1.2
2024,8,-0.1,Neutral,Neutral,1.3
2024,9,-0.2,Neutral,Neutral,1.23
2024,10,-0.2,Neutral,Neutral,1.34
2024,11,-0.3,Neutral,Neutral,1.29
2024,12,-0.4,Neutral,Neutral,1.26
2025,1,-0.4,Neutral,Neutral,1.37
2025,2,-0.2,Neutral,Neutral,1.27
2025,3,-0.1,Neutral,Neutral,1.37
2025,4,0.0,Neutral,Neutral,1.24
2025,5,0.0,Neutral,Neutral,1.07
2025,6,0.0,Neutral,Neutral,1.06
2025,7,-0.1,Neutral,Neutral,1.02
2025,8,-0.3,Neutral,Neutral,1.17
2025,9,-0.4,Neutral,Neutral,1.25
2025,10,-0.5,La Nina,Weak/Mod La Nina,1.19
2025,11,-0.6,La Nina,Weak/Mod La Nina,1.2
2025,12,-0.5,La Nina,Weak/Mod La Nina,1.07
2026,1,-0.4,Neutral,Neutral,1.08
2026,2,-0.1,Neutral,Neutral,1.24
2026,3,0.1,Neutral,Neutral,1.28
